{"skeleton":{"hash":"XSb4HIgHlubUkJuDJ/ZgC/OIh6w","spine":"3.8.79","x":-146.17,"y":-33.94,"width":312.49,"height":376.75,"images":"./images/","audio":"F:/[GAMEE ONLINE WORKING]/Game animation/Huggy Pull the Pin/HandMan"},"bones":[{"name":"root"},{"name":"bone","parent":"root","x":-2.88,"y":-0.09,"scaleX":0.37,"scaleY":0.37},{"name":"bone2","parent":"bone","x":-2.45,"y":302},{"name":"Layer 4","parent":"bone2","x":-38.38,"y":-14.64},{"name":"Layer 7","parent":"bone2","length":149.12,"rotation":89.67,"x":-1.53,"y":14.68},{"name":"Layer 8","parent":"Layer 7","length":154.56,"rotation":9.58,"x":149.12},{"name":"Layer 11","parent":"Layer 8","length":67.04,"rotation":-13.65,"x":158.85,"y":-1.57},{"name":"Layer 10","parent":"Layer 8","length":145.9,"rotation":164.74,"x":134.08,"y":122.22},{"name":"Layer 9","parent":"Layer 10","length":181.37,"rotation":9.11,"x":142.76,"y":-1.43},{"name":"Layer 3","parent":"Layer 8","length":153.3,"rotation":175.65,"x":123.64,"y":-63.99},{"name":"Layer 2","parent":"Layer 3","length":179.75,"rotation":3.48,"x":153.11,"y":-2.17},{"name":"Layer 6","parent":"bone2","length":134.44,"rotation":-74.95,"x":-109.04,"y":-7.7},{"name":"Layer 5","parent":"Layer 6","length":148.71,"rotation":-29.5,"x":131.28,"y":0.85},{"name":"Layer 12","parent":"Layer 5","length":104.34,"rotation":82.98,"x":144.49,"y":-1.09},{"name":"Layer 136 copy","parent":"bone2","length":134.92,"rotation":-72.59,"x":-17.4,"y":17.39},{"name":"Layer 137 copy","parent":"Layer 136 copy","length":145.99,"rotation":-34.35,"x":130.82,"y":-2.14},{"name":"Layer 137 copy2","parent":"Layer 137 copy","length":120.04,"rotation":99.11,"x":145.99},{"name":"Layer 14","parent":"Layer 7","x":46.02,"y":254.29},{"name":"Layer 13","parent":"Layer 14","length":118.47,"rotation":-88.15,"x":1.08,"y":-6.28},{"name":"Layer 15","parent":"Layer 13","length":111.17,"rotation":0.64,"x":118.47},{"name":"Layer 16","parent":"Layer 15","length":92.25,"rotation":-0.86,"x":110.42},{"name":"Layer 18","parent":"Layer 16","length":214,"rotation":91.22,"x":171.66,"y":-57.36},{"name":"Layer 1","parent":"Layer 7","x":77.79,"y":196.83},{"name":"Layer 19","parent":"Layer 1","length":150.91,"rotation":-89.67,"x":3.16,"y":-2.08},{"name":"Layer 20","parent":"Layer 19","length":134.15,"rotation":0.45,"x":150.91},{"name":"Layer 17","parent":"Layer 20","length":136.26,"rotation":0.43,"x":132.06,"y":1.06},{"name":"Layer 22","parent":"Layer 17","length":203.24,"rotation":94.74,"x":224.33,"y":-66.34},{"name":"Layer 23","parent":"Layer 11","x":120.34,"y":-37.58},{"name":"Layer 24","parent":"Layer 11","x":166.45,"y":-19.79},{"name":"Layer 21","parent":"Layer 11","x":50.44,"y":-34.25},{"name":"1","parent":"bone","x":-114.07,"y":28.04,"color":"ff3f00ff"},{"name":"2","parent":"1","x":95.35,"y":-39.79,"color":"ff3f00ff"},{"name":"3","parent":"bone","x":-27.63,"y":54.11,"color":"ff3f00ff"},{"name":"4","parent":"3","x":117.31,"y":-17.15,"color":"ff3f00ff"},{"name":"Layer 25","parent":"Layer 14","x":-5.59,"y":-128.17},{"name":"Layer 26","parent":"Layer 1","x":-1.68,"y":-241.93},{"name":"bone3","parent":"bone","x":33.81,"y":0.18,"scaleX":2.42,"scaleY":2.42}],"slots":[{"name":"Layer 2","bone":"Layer 2","attachment":"Layer 2"},{"name":"Layer 3","bone":"Layer 3","attachment":"Layer 3"},{"name":"Layer 18","bone":"Layer 1","attachment":"Layer 18"},{"name":"Layer 20","bone":"Layer 26","attachment":"Layer 19"},{"name":"Layer 1","bone":"Layer 22","attachment":"Layer 20"},{"name":"Layer 137 copy","bone":"Layer 137 copy","attachment":"Layer 137 copy"},{"name":"Layer 136 copy","bone":"Layer 136 copy","attachment":"Layer 136 copy"},{"name":"Layer 4","bone":"Layer 4","attachment":"Layer 4"},{"name":"Layer 5","bone":"Layer 5","attachment":"Layer 5"},{"name":"Layer 6","bone":"Layer 6","attachment":"Layer 6"},{"name":"Layer 7","bone":"Layer 7","attachment":"Layer 7"},{"name":"Layer 139 copy","bone":"Layer 14","attachment":"Layer 139 copy"},{"name":"Layer 19","bone":"Layer 18","attachment":"Layer 16"},{"name":"Layer 17","bone":"Layer 25","attachment":"Layer 17"},{"name":"Layer 9","bone":"Layer 9","attachment":"Layer 9"},{"name":"Layer 10","bone":"Layer 10","attachment":"Layer 10"},{"name":"Layer 11","bone":"Layer 11","attachment":"Layer 11"},{"name":"Layer 14","bone":"Layer 23","attachment":"Layer 14"},{"name":"Layer 12","bone":"Layer 21","attachment":"Layer 12"},{"name":"Layer 15","bone":"Layer 24","attachment":"Layer 13"},{"name":"ice","bone":"bone3","attachment":"ice"}],"ik":[{"name":"1","bones":["Layer 6","Layer 5"],"target":"1","bendPositive":false},{"name":"2","order":3,"bones":["Layer 5","Layer 12"],"target":"2"},{"name":"3","order":1,"bones":["Layer 136 copy","Layer 137 copy"],"target":"3","bendPositive":false},{"name":"4","order":2,"bones":["Layer 137 copy","Layer 137 copy2"],"target":"4"}],"skins":[{"name":"default","attachments":{"Layer 1":{"Layer 20":{"x":110.69,"rotation":-95.62,"width":138,"height":244}},"Layer 10":{"Layer 10":{"x":82.8,"y":3.53,"rotation":96.01,"width":117,"height":202}},"Layer 11":{"Layer 11":{"x":146.85,"y":13.16,"rotation":-85.6,"width":262,"height":313}},"Layer 12":{"Layer 12":{"x":-1.88,"y":8.24,"rotation":-85.6,"width":63,"height":63}},"Layer 136 copy":{"Layer 136 copy":{"x":61.41,"y":1.58,"rotation":72.59,"width":140,"height":189}},"Layer 137 copy":{"Layer 137 copy":{"type":"mesh","uvs":[0.36499,0,0.60994,0.07941,0.80125,0.17435,0.82836,0.59021,0.86488,0.70974,0.99067,0.79787,0.99753,0.90011,0.85051,0.96213,0.63211,1,0.49328,1,0.10512,0.98353,0.06459,0.95657,0.04383,0.8447,0.01688,0.69952,0,0.36727,0,0.26074,0.06967,0.02667,0.23542,0,0.25165,0.80411,0.59042,0.73697],"triangles":[7,8,19,10,18,9,8,9,19,9,18,19,10,11,18,7,5,6,7,4,5,7,19,4,11,12,18,12,13,18,18,13,19,19,3,4,3,1,2,1,3,19,19,13,1,1,13,17,16,17,15,17,0,1,17,13,14,17,14,15],"vertices":[1,15,-40.94,-36.61,1,1,15,-34.66,6.79,1,2,16,69.05,159.41,0.00151,15,-22.35,42.94,0.99849,2,16,86.72,63.2,0.46373,15,69.86,75.62,0.53627,2,16,96.41,36.17,0.83772,15,95,89.47,0.16228,2,16,119.42,18.44,0.99021,15,108.87,115,0.00979,1,16,123.8,-5.22,1,1,16,102.19,-22.9,1,1,16,68.35,-36.54,1,1,16,46.07,-39.61,1,2,16,-16.75,-44.34,0.7847,15,192.42,-9.52,0.2153,2,16,-24.12,-38.96,0.73754,15,188.28,-17.64,0.26246,2,16,-31.03,-13.38,0.36532,15,164.11,-28.52,0.63468,2,16,-40.01,19.83,0.00758,15,132.74,-42.64,0.99242,1,15,58.85,-68.02,1,1,15,34.9,-75.31,1,1,15,-21,-80.55,1,1,15,-34.82,-56.69,1,2,16,1.02,0.66,0.54468,15,145.17,0.9,0.45532,2,16,53.24,23.78,0.7631,15,114.08,48.8,0.2369],"hull":18,"edges":[0,34,0,2,2,4,4,6,6,8,8,10,10,12,12,14,14,16,16,18,18,20,20,22,26,28,28,30,30,32,32,34,22,24,24,26],"width":162,"height":235}},"Layer 139 copy":{"Layer 139 copy":{"type":"mesh","uvs":[0.97864,0.1904,0.9983,0.41075,0.99754,0.68994,0.95834,0.9543,0.90767,0.98034,0.60294,0.98501,0.55356,0.98576,0.50411,0.98652,0.34229,0.989,0.30838,0.98952,0.25217,0.99038,0.09977,0.99271,0.04165,0.96294,0.00763,0.74543,0,0.53351,0,0.46382,0.01883,0.21124,0.05231,0.06192,0.06559,0.0324,0.25408,0.03104,0.30833,0.03065,0.34904,0.03036,0.50507,0.02923,0.54771,0.02892,0.59422,0.02859,0.9418,0.02608,0.3035,0.4558,0.25408,0.46884,0.34033,0.46884,0.54675,0.42537,0.49345,0.43841,0.57776,0.42102],"triangles":[11,13,17,17,18,11,10,11,27,10,27,9,27,11,18,27,26,9,9,28,8,9,26,28,8,30,7,8,28,30,7,29,6,7,30,29,6,31,5,6,29,31,5,31,4,4,31,25,3,4,1,25,31,24,11,12,13,15,16,17,2,3,1,4,0,1,17,13,14,25,0,4,17,14,15,27,19,26,27,18,19,26,20,28,28,21,30,28,20,21,26,19,20,30,22,29,30,21,22,29,23,31,29,22,23,31,23,24],"vertices":[1,20,194.89,17.77,1,1,20,203.28,-4.68,1,1,20,202.3,-32.86,1,1,20,183.94,-59.15,1,1,20,160.93,-61.26,1,2,20,22.92,-58.6,0.98822,19,132.46,-58.93,0.01178,2,20,0.55,-58.16,0.85573,19,110.1,-58.17,0.14427,2,20,-21.84,-57.73,0.55439,19,87.71,-57.4,0.44561,3,20,-95.14,-56.32,0.01473,19,14.45,-54.88,0.71681,18,133.53,-54.72,0.26846,3,20,-110.49,-56.02,0.00302,19,-0.9,-54.36,0.50595,18,118.17,-54.36,0.49103,3,19,-26.35,-53.48,0.17012,18,92.71,-53.77,0.8295,17,-49.67,-100.68,3.8E-4,2,18,23.69,-52.18,0.80224,17,-50.3,-31.65,0.19776,2,18,-2.55,-48.47,0.56982,17,-47.45,-5.3,0.43018,2,18,-17.37,-26.1,0.25313,17,-25.57,10.23,0.74687,1,17,-4.18,13.81,1,2,18,-20.07,2.42,0.00846,17,2.86,13.85,0.99154,2,18,-10.86,27.7,0.66139,17,28.42,5.47,0.33861,2,18,4.7,42.37,0.92517,17,43.58,-9.61,0.07483,2,18,10.79,45.19,0.95588,17,46.6,-15.61,0.04412,2,19,-21.83,43.31,0.13126,18,96.15,43.06,0.86874,2,19,2.73,42.42,0.54889,18,120.72,42.45,0.45111,2,19,21.16,41.76,0.86038,18,139.15,41.99,0.13962,2,20,-19.21,38.92,0.38949,19,91.79,39.2,0.61051,2,20,0.1,38.51,0.81563,19,111.1,38.51,0.18437,2,20,21.16,38.07,0.99822,19,132.15,37.75,0.00178,1,20,178.58,34.74,1,2,19,-1.08,-0.41,0.37712,18,117.39,-0.42,0.62288,2,19,-23.5,-0.88,8.9E-4,18,94.98,-1.14,0.99911,3,20,-94.83,-3.77,1.1E-4,19,15.54,-2.35,0.99681,18,134.03,-2.18,0.00308,2,20,-1.25,-1.51,0.54687,19,109.15,-1.49,0.45313,2,20,-25.42,-2.28,0.01707,19,84.97,-1.9,0.98293,1,20,12.81,-1.39,1],"hull":26,"edges":[0,50,0,2,2,4,4,6,6,8,22,24,24,26,26,28,28,30,30,32,32,34,34,36,18,20,20,22,36,38,38,40,40,42,16,18,42,44,44,46,12,14,14,16,8,10,10,12,46,48,48,50],"width":453,"height":101}},"Layer 14":{"Layer 14":{"x":-12.06,"y":4.64,"rotation":-85.6,"width":128,"height":147}},"Layer 15":{"Layer 13":{"x":-1.79,"y":4.18,"rotation":-85.6,"width":150,"height":62},"Layer 15":{"x":1,"y":6.44,"rotation":-85.6,"width":140,"height":66}},"Layer 17":{"Layer 17":{"x":5.58,"y":-31.02,"rotation":-89.67,"width":123,"height":114}},"Layer 18":{"Layer 18":{"type":"mesh","uvs":[0.03244,0.00777,0.28904,0.00974,0.32269,0.01,0.35634,0.01026,0.54761,0.01173,0.57949,0.01198,0.61579,0.01226,0.95975,0.0149,0.98147,0.12965,1,0.36179,1,0.48918,0.99317,0.72397,0.96404,0.96247,0.61402,0.95726,0.58658,0.95685,0.55294,0.95635,0.35989,0.95348,0.33156,0.95305,0.29968,0.95258,0.26499,0.95206,0.03568,0.97673,0.00915,0.73872,0,0.52256,0,0.42192,0.00843,0.23497,0.58126,0.45523,0.54849,0.48226,0.60605,0.46874,0.32623,0.46874,0.2979,0.45072,0.35014,0.50028],"triangles":[20,21,19,12,13,7,7,27,6,11,12,10,10,12,7,14,27,13,7,13,27,27,14,25,25,14,26,16,26,15,14,15,26,17,30,16,16,30,26,26,3,4,3,26,30,30,17,28,28,17,18,28,18,29,18,19,29,29,19,24,29,0,1,0,29,24,22,24,21,19,21,24,8,10,7,22,23,24,30,28,3,8,9,10,25,4,5,25,26,4,27,25,6,29,2,28,28,2,3,25,5,6,29,1,2],"vertices":[2,22,49.79,3.42,1.6E-4,23,-5.23,46.67,0.99984,2,23,129.23,46.46,0.84046,24,-21.31,46.63,0.15954,2,23,146.87,46.44,0.57362,24,-3.68,46.47,0.42638,2,23,164.5,46.41,0.26219,24,13.95,46.3,0.73781,2,24,114.17,45.37,0.3839,25,-17.55,44.44,0.6161,2,24,130.87,45.21,0.12402,25,-0.85,44.15,0.87598,2,24,149.89,45.03,0.00706,25,18.17,43.83,0.99294,1,25,198.37,40.79,1,1,25,209.57,28.8,1,1,25,218.92,4.74,1,1,25,218.71,-8.38,1,1,25,214.77,-32.51,1,1,25,199.12,-56.83,1,2,24,148.21,-52.29,0.6614,25,15.74,-53.48,0.3386,2,24,133.83,-52.14,0.85568,25,1.36,-53.21,0.14432,2,24,116.21,-51.95,0.97874,25,-16.26,-52.89,0.02126,2,23,166.36,-50.74,0.26814,24,15.05,-50.86,0.73186,2,23,151.52,-50.7,0.51252,24,0.21,-50.7,0.48748,2,23,134.81,-50.65,0.77969,24,-16.5,-50.52,0.22031,3,22,-46.77,-119,0.00165,23,116.63,-50.6,0.94378,24,-34.68,-50.33,0.05457,2,22,-50,1.14,0.90313,23,-3.52,-53.14,0.09687,1,22,-25.57,15.18,1,2,22,-3.33,20.11,0.99505,23,-22.22,-6.36,0.00495,2,22,7.04,20.17,0.78002,23,-22.22,4.01,0.21998,2,22,26.32,15.86,0.1809,23,-17.8,23.26,0.8191,2,24,131.44,-0.45,0.7214,25,-0.63,-1.51,0.2786,1,24,114.25,-3.1,1,2,24,144.42,-1.94,0.10427,25,12.34,-3.1,0.89573,2,23,148.72,-0.81,0.72668,24,-2.19,-0.8,0.27332,2,23,133.88,1.04,0.99962,24,-17.03,1.17,3.8E-4,2,23,161.25,-4.06,0.01082,24,10.31,-4.14,0.98918],"hull":25,"edges":[0,48,14,16,16,18,18,20,20,22,22,24,38,40,40,42,42,44,44,46,46,48,8,10,28,30,10,12,12,14,24,26,26,28,0,2,2,4,34,36,36,38,30,32,32,34,4,6,6,8],"width":524,"height":103}},"Layer 19":{"Layer 16":{"x":97.47,"rotation":-92.53,"width":146,"height":248}},"Layer 2":{"Layer 2":{"x":72.68,"y":5.43,"rotation":81.62,"width":106,"height":251}},"Layer 20":{"Layer 19":{"y":-0.5,"rotation":-89.67,"width":183,"height":108}},"Layer 3":{"Layer 3":{"x":88.72,"y":6.32,"rotation":85.1,"width":116,"height":209}},"Layer 4":{"Layer 4":{"x":-4.14,"y":16.9,"width":246,"height":129}},"Layer 5":{"Layer 5":{"type":"mesh","uvs":[0.35855,0,0.57536,0.06652,0.7978,0.16927,0.8396,0.62758,0.86551,0.71187,0.98432,0.79217,1,0.88049,1,0.89909,0.84876,0.96296,0.62827,1,0.47764,1,0.13789,0.98382,0.06896,0.97436,0.04207,0.83921,0.01706,0.71358,0,0.3643,0,0.24466,0.07245,0.03906,0.21491,0,0.25054,0.78629,0.47921,0.73958],"triangles":[8,9,20,11,19,10,9,10,20,10,19,20,19,11,13,11,12,13,7,8,6,8,4,5,8,20,4,8,5,6,13,14,19,19,14,20,20,3,4,20,2,3,2,20,15,2,15,1,16,0,1,18,0,16,16,17,18,14,15,20,1,15,16],"vertices":[1,12,-36.84,-29.42,1,1,12,-30.47,8.49,1,2,13,30.48,165.53,5.0E-4,12,-16.07,49.41,0.9995,2,13,76.2,67.78,0.49847,12,86.54,82.83,0.50153,2,13,87.36,50.88,0.77209,12,104.67,91.83,0.22791,2,13,112.17,40.36,0.95351,12,118.14,115.18,0.04649,2,13,122.13,21.98,0.9909,12,137.61,122.82,0.0091,2,13,123.73,17.91,0.99354,12,141.84,123.91,0.00646,1,13,106.43,-5.03,1,2,13,76.37,-26.2,0.99857,12,179.83,71.51,0.00143,2,13,53.66,-35.13,0.95332,12,185.92,47.87,0.04668,2,13,1.05,-51.74,0.58154,12,195.96,-6.37,0.41846,2,13,-10.16,-53.75,0.58848,12,196.59,-17.74,0.41152,2,13,-25.83,-25.79,0.87841,12,166.93,-29.88,0.12159,2,13,-40.41,0.2,0.91248,12,139.35,-41.17,0.08752,2,13,-73.02,75.58,0.035,12,60.55,-64.32,0.965,2,13,-83.31,101.74,0.00448,12,33.32,-71.33,0.99552,1,12,-16.39,-72.02,1,1,12,-31.04,-51.96,1,1,12,146.46,-0.28,1,2,13,31.5,21.91,0.62613,12,126.59,32.86,0.37387],"hull":19,"edges":[0,36,0,2,2,4,4,6,6,8,8,10,10,12,12,14,14,16,16,18,18,20,20,22,22,24,28,30,30,32,32,34,34,36,24,26,26,28],"width":162,"height":235}},"Layer 6":{"Layer 6":{"x":75.93,"y":4.97,"rotation":74.95,"width":140,"height":189}},"Layer 7":{"Layer 7":{"type":"mesh","uvs":[0.62357,0.00241,0.72187,0.15904,0.76403,0.16214,0.88107,0.28,0.94592,0.4464,0.93095,0.57782,0.91853,0.68689,0.95425,0.70666,1,0.8495,1,0.85347,0.9484,0.95684,0.59199,1,0.54981,1,0.32687,0.99485,0.10897,0.94529,0.00275,0.90084,0.0029,0.58403,0.00305,0.26681,0.05109,0.17778,0.10244,0.15224,0.35858,0.15224,0.36685,0.14011,0.48111,0.00219,0.66953,0.56942,0.46657,0.58221,0.83001,0.56394,0.22585,0.58586,0.46421,0.65525,0.46657,0.49272,0.68369,0.47811,0.23293,0.45985,0.22113,0.71734],"triangles":[8,10,11,13,27,12,27,11,12,6,11,27,23,6,27,23,27,24,23,25,6,14,31,13,13,31,27,9,10,8,6,8,11,14,15,31,15,16,31,8,6,7,31,26,27,31,16,26,6,25,5,27,26,24,24,26,28,26,16,30,16,17,30,26,30,28,24,28,23,5,25,4,23,29,25,23,28,29,25,29,4,29,28,1,22,1,21,30,20,28,28,20,1,20,21,1,29,3,4,3,1,2,3,29,1,22,0,1,30,17,19,17,18,19,30,19,20],"vertices":[1,5,238.29,-23.43,1,1,5,168.22,-44.38,1,1,5,164.73,-57.7,1,2,4,271.87,-67.79,4.0E-5,5,109.76,-87.28,0.99996,2,4,202.11,-89.27,0.10042,5,37.39,-96.85,0.89958,2,4,146.89,-84.72,0.48222,5,-16.31,-83.17,0.51778,2,4,101.06,-80.95,0.89021,5,-60.87,-71.82,0.10979,2,4,92.82,-92.61,0.94537,5,-70.93,-81.94,0.05463,2,4,32.91,-107.82,0.99981,5,-132.54,-86.97,1.9E-4,2,4,31.24,-107.83,0.99985,5,-134.18,-86.7,1.5E-4,1,4,-12.27,-91.31,1,2,4,-31.06,24.42,0.99806,5,-173.6,54.07,0.00194,2,4,-31.14,38.12,0.99441,5,-171.4,67.6,0.00559,2,4,-29.39,110.59,0.93599,5,-157.61,138.77,0.06401,2,4,-8.98,181.53,0.84039,5,-125.68,205.32,0.15961,2,4,9.49,216.16,0.80512,5,-101.7,236.38,0.19488,2,4,142.54,216.87,0.42941,5,29.62,214.94,0.57059,2,4,275.78,217.59,0.05749,5,161.11,193.47,0.94251,2,4,313.26,202.19,0.02853,5,195.51,172.05,0.97147,2,4,324.08,185.56,0.02261,5,203.41,153.85,0.97739,2,4,324.56,102.32,0.00179,5,190.02,71.69,0.99821,2,4,329.67,99.66,0.00101,5,194.62,68.22,0.99899,1,5,245.82,22.25,1,2,4,149.93,0.26,0.42719,5,0.84,0.12,0.57281,2,4,144.18,66.19,0.45244,5,6.14,66.09,0.54756,2,4,152.53,-51.88,0.43488,5,-5.28,-51.73,0.56512,2,4,142.19,144.41,0.43814,5,17.21,143.55,0.56186,2,4,113.49,66.78,0.70214,5,-24.01,71.78,0.29786,2,4,181.76,66.4,0.16757,5,43.24,60.04,0.83243,2,4,188.3,-4.12,0.00381,5,37.95,-10.59,0.99619,2,4,195.13,142.41,0.20887,5,69.07,132.77,0.79113,2,4,86.96,145.63,0.68078,5,-37.05,153.94,0.31922],"hull":23,"edges":[0,44,0,2,2,4,4,6,6,8,12,14,14,16,16,18,18,20,20,22,22,24,24,26,26,28,28,30,34,36,36,38,38,40,40,42,42,44,8,10,10,12,30,32,32,34],"width":325,"height":420}},"Layer 9":{"Layer 9":{"x":71.56,"y":1.34,"rotation":86.9,"width":115,"height":235}},"ice":{"ice":{"x":0.5,"y":161.62,"width":349,"height":399}}}}],"animations":{"Afraid":{"slots":{"Layer 15":{"attachment":[{"name":"Layer 15"}]},"ice":{"attachment":[{"name":null}]}},"bones":{"Layer 24":{"scale":[{"x":1.036,"y":1.036,"curve":0.352,"c2":0.41,"c3":0.688,"c4":0.76},{"time":0.0333,"x":1.012,"y":1.012,"curve":0.364,"c2":0.64,"c3":0.701},{"time":0.0667,"curve":0.25,"c3":0.75},{"time":0.2,"x":1.1,"y":1.1,"curve":0.343,"c2":0.36,"c3":0.686,"c4":0.73},{"time":0.2667,"x":1.036,"y":1.036}]},"Layer 9":{"rotate":[{"angle":67.36}]},"Layer 21":{"scale":[{"curve":0.25,"c3":0.75},{"time":0.1333,"x":1.284,"y":1.284,"curve":0.25,"c3":0.75},{"time":0.2667}]},"1":{"translate":[{"x":-67.96}]},"bone2":{"translate":[{"x":-35.56,"y":-52.19,"curve":0.25,"c3":0.75},{"time":0.1333,"x":-35.56,"y":-67.62,"curve":0.25,"c3":0.75},{"time":0.2667,"x":-35.56,"y":-52.19}]},"Layer 137 copy":{"rotate":[{"angle":-0.26,"curve":0.25,"c3":0.75},{"time":0.2667,"angle":-45.51}]},"Layer 8":{"translate":[{"x":-2.08,"curve":0.339,"c2":0.66,"c3":0.672},{"time":0.0333,"x":-0.96,"curve":0.25,"c3":0.75},{"time":0.1667,"x":-16.36,"curve":0.347,"c2":0.52,"c3":0.681,"c4":0.86},{"time":0.2667,"x":-2.08}]},"Layer 11":{"translate":[{"x":-5.17,"curve":0.336,"c2":0.35,"c3":0.67,"c4":0.68},{"time":0.0333,"x":-3.22,"curve":0.337,"c2":0.35,"c3":0.67,"c4":0.68},{"time":0.0667,"x":-1.41,"curve":0.25,"c3":0.75},{"time":0.2,"x":-9.43,"curve":0.339,"c2":0.36,"c3":0.672,"c4":0.69},{"time":0.2667,"x":-5.17}]},"Layer 10":{"rotate":[{"angle":144.84}]},"Layer 3":{"rotate":[{"angle":146.51}]},"Layer 2":{"rotate":[{"angle":61}]},"Layer 6":{"rotate":[{"angle":3.24,"curve":0.25,"c3":0.75},{"time":0.2667,"angle":17.53}]},"Layer 5":{"rotate":[{"angle":-6.02,"curve":0.25,"c3":0.75},{"time":0.2667,"angle":-49.44}]},"Layer 12":{"rotate":[{"angle":-0.68,"curve":0.25,"c3":0.75},{"time":0.2667,"angle":27.98}]},"Layer 136 copy":{"rotate":[{"angle":-0.68,"curve":0.25,"c3":0.75},{"time":0.2667,"angle":32.65}]},"Layer 137 copy2":{"rotate":[{"angle":0.34,"curve":0.25,"c3":0.75},{"time":0.2667,"angle":12.09}]},"Layer 14":{"translate":[{"x":-2.28}]},"Layer 22":{"rotate":[{"angle":-0.68}]},"Layer 18":{"rotate":[{"angle":-0.9}]},"Layer 1":{"translate":[{"x":-1.82}]}},"drawOrder":[{"offsets":[{"slot":"Layer 9","offset":5},{"slot":"Layer 10","offset":3}]}]},"Attack":{"slots":{"Layer 12":{"attachment":[{"name":null}]},"Layer 15":{"attachment":[{"name":"Layer 15"}]},"ice":{"attachment":[{"name":null}]}},"bones":{"1":{"translate":[{},{"time":0.0667,"x":-34.71,"y":32.19},{"time":0.2667,"x":-81}]},"2":{"translate":[{},{"time":0.0667,"y":-25.41},{"time":0.2667}]},"Layer 17":{"translate":[{"time":0.3333},{"time":0.4667,"x":-35.01},{"time":0.5333,"x":36.27},{"time":0.5667,"x":257.9},{"time":0.7333,"x":168.01},{"time":0.8667}]},"bone2":{"translate":[{},{"time":0.2,"x":-17.24,"y":1.38},{"time":0.3,"x":-30.16,"y":-39.83,"curve":"stepped"},{"time":0.3333,"x":-30.16,"y":-39.83},{"time":0.4667,"x":-20.77,"y":-39.83},{"time":0.5667,"x":-45.04,"y":-39.83},{"time":0.8667,"x":-30.16,"y":-39.83}]},"Layer 7":{"rotate":[{},{"time":0.2667,"angle":1.02,"curve":"stepped"},{"time":0.3333,"angle":1.02},{"time":0.4667,"angle":-3.72},{"time":0.5667,"angle":1.26},{"time":0.8667,"angle":1.02}]},"Layer 8":{"rotate":[{},{"time":0.2667,"angle":-6.26,"curve":"stepped"},{"time":0.3333,"angle":-6.26},{"time":0.5667,"angle":-3.47},{"time":0.8667,"angle":-6.26}],"translate":[{"x":-0.96}]},"Layer 137 copy2":{"rotate":[{"angle":0.34},{"time":0.2667,"angle":10.2}]},"Layer 11":{"rotate":[{"time":0.3333},{"time":0.4667,"angle":-3.72},{"time":0.6333,"angle":12.2},{"time":0.8667}],"translate":[{"x":-1.41,"curve":0.352,"c2":0.41,"c3":0.688,"c4":0.76},{"time":0.2667,"x":-22.18}]},"Layer 10":{"rotate":[{"angle":-0.07,"curve":0.35,"c2":0.45,"c3":0.685,"c4":0.79},{"time":0.2333,"angle":-37.2,"curve":0.35,"c2":0.65,"c3":0.684},{"time":0.3,"angle":-26.99}]},"Layer 9":{"rotate":[{"angle":-0.55,"curve":0.343,"c2":0.37,"c3":0.677,"c4":0.71},{"time":0.2667,"angle":21.13,"curve":0.343,"c2":0.38,"c3":0.677,"c4":0.72},{"time":0.3333,"angle":69.13}]},"Layer 2":{"rotate":[{"angle":0.57,"curve":0.343,"c2":0.37,"c3":0.677,"c4":0.71},{"time":0.2667,"angle":-31.76,"curve":0.343,"c2":0.38,"c3":0.677,"c4":0.72},{"time":0.3333,"angle":-91.59}]},"Layer 6":{"rotate":[{"angle":3.24},{"time":0.2667,"angle":7.58}]},"Layer 5":{"rotate":[{"angle":-6.02},{"time":0.2667,"angle":-38.54}]},"Layer 12":{"rotate":[{"angle":-0.68},{"time":0.2667,"angle":27.06}]},"Layer 136 copy":{"rotate":[{"angle":-0.68},{"time":0.2667,"angle":26.53}]},"Layer 137 copy":{"rotate":[{"angle":-0.26},{"time":0.2667,"angle":-37.46}]},"Layer 14":{"translate":[{"x":-2.28}]},"Layer 15":{"translate":[{"time":0.3333},{"time":0.4333,"x":-17.06},{"time":0.5,"x":30.13},{"time":0.5333,"x":513.39},{"time":0.7,"x":487.7},{"time":0.8667}]},"Layer 18":{"rotate":[{"angle":-0.9,"curve":"stepped"},{"time":0.3333,"angle":-0.9},{"time":0.5333,"angle":2.44},{"time":0.7333,"angle":-9.45},{"time":0.8667,"angle":-0.9}]},"Layer 1":{"translate":[{"x":-1.82}]},"Layer 20":{"translate":[{"time":0.3333},{"time":0.4667,"x":-32.5},{"time":0.5333,"x":37.62},{"time":0.5667,"x":563.3},{"time":0.7333,"x":533.56},{"time":0.8667}]},"Layer 16":{"translate":[{"time":0.3333},{"time":0.4333,"x":-13.85},{"time":0.5,"x":8.24},{"time":0.5333,"x":362.61},{"time":0.7,"x":333},{"time":0.8667}]},"Layer 22":{"rotate":[{"angle":-0.68,"curve":"stepped"},{"time":0.3333,"angle":-0.68},{"time":0.5667,"angle":2.06},{"time":0.7333,"angle":-7.68},{"time":0.8667,"angle":-0.68}]},"Layer 3":{"rotate":[{"angle":0.09,"curve":0.35,"c2":0.45,"c3":0.685,"c4":0.79},{"time":0.2333,"angle":57.1,"curve":0.35,"c2":0.65,"c3":0.684},{"time":0.3,"angle":48.9}]}}},"Die":{"slots":{"Layer 12":{"attachment":[{"name":null},{"time":0.2,"name":"Layer 12"},{"time":0.5667,"name":null}]},"Layer 15":{"attachment":[{"name":"Layer 15"},{"time":0.2,"name":"Layer 13"}]},"ice":{"attachment":[{"name":null}]}},"bones":{"Layer 9":{"rotate":[{"angle":-0.55,"curve":0.352,"c2":0.41,"c3":0.688,"c4":0.76},{"time":0.1333,"angle":32.5,"curve":0.25,"c3":0.75},{"time":0.3333,"angle":14.95,"curve":0.25,"c3":0.75},{"time":0.5333,"angle":-13.76,"curve":0.25,"c3":0.75},{"time":0.7,"angle":42.25}]},"Layer 21":{"scale":[{},{"time":0.2,"x":1.269,"y":1.269}]},"1":{"translate":[{"time":0.3333},{"time":0.4333,"y":23.28,"curve":"stepped"},{"time":0.5,"y":23.28},{"time":0.6333,"x":121.94,"y":34.6}]},"3":{"translate":[{"curve":0.25,"c3":0.75},{"time":0.1333,"x":61.67,"curve":"stepped"},{"time":0.3333,"x":61.67},{"time":0.4333,"x":22.87,"y":28.71},{"time":0.6333,"x":-7.06,"y":28.71}]},"bone2":{"rotate":[{"angle":-1.2}],"translate":[{"curve":0.25,"c3":0.75},{"time":0.1333,"x":73.25,"y":-68.97,"curve":0.25,"c3":0.75},{"time":0.3333,"x":80.29,"y":-110.96},{"time":0.4333,"x":157.97,"y":-160.63},{"time":0.6333,"x":251.29,"y":-225.18}]},"Layer 4":{"rotate":[{"time":0.4333},{"time":0.6333,"angle":-84.95}],"translate":[{"time":0.4333},{"time":0.6333,"y":29.67}]},"Layer 7":{"rotate":[{"curve":0.25,"c3":0.75},{"time":0.1333,"angle":3.81,"curve":0.25,"c3":0.75},{"time":0.3333,"angle":7.84,"curve":"stepped"},{"time":0.4333,"angle":7.84},{"time":0.6333,"angle":-94.65}]},"Layer 137 copy":{"rotate":[{"angle":-0.26}],"translate":[{"time":0.3},{"time":0.4333,"x":-9.54,"y":-26.63}]},"Layer 8":{"rotate":[{"curve":0.25,"c3":0.75},{"time":0.1333,"angle":-6.46,"curve":0.25,"c3":0.75},{"time":0.3333,"angle":0.08,"curve":0.25,"c3":0.75},{"time":0.5333,"angle":16.12,"curve":0.25,"c3":0.75},{"time":0.6333,"angle":12.11}],"translate":[{"x":-0.96}]},"Layer 11":{"rotate":[{"curve":0.25,"c3":0.75},{"time":0.1333,"angle":-6.5,"curve":0.25,"c3":0.75},{"time":0.3333,"angle":3.07,"curve":0.25,"c3":0.75},{"time":0.6,"angle":23.45,"curve":0.25,"c3":0.75},{"time":0.7,"angle":-9.85}],"translate":[{"x":-1.41,"curve":0.352,"c2":0.41,"c3":0.688,"c4":0.76},{"time":0.1333,"x":-28.56},{"time":0.3333,"x":-6.88}]},"Layer 10":{"rotate":[{"angle":-0.07,"curve":0.366,"c2":0.63,"c3":0.703},{"time":0.1333,"angle":-38.34,"curve":0.25,"c3":0.75},{"time":0.3333,"angle":-57.13,"curve":0.25,"c3":0.75},{"time":0.5,"angle":-51.11,"curve":0.25,"c3":0.75},{"time":0.6667,"angle":29.94}]},"Layer 3":{"rotate":[{"angle":0.09,"curve":0.366,"c2":0.63,"c3":0.703},{"time":0.1333,"angle":24.65,"curve":0.25,"c3":0.75},{"time":0.3333,"angle":28.08},{"time":0.4667,"angle":41.62},{"time":0.6333,"angle":152.53}]},"Layer 2":{"rotate":[{"angle":0.57,"curve":0.352,"c2":0.41,"c3":0.688,"c4":0.76},{"time":0.1333,"angle":27.07,"curve":0.25,"c3":0.75},{"time":0.3333,"angle":46.82},{"time":0.4667,"angle":78.07},{"time":0.6333,"angle":24.63}],"translate":[{"time":0.3333},{"time":0.4667,"x":8.76,"y":15.07}]},"Layer 6":{"rotate":[{"angle":3.24}],"translate":[{"time":0.5},{"time":0.6333,"x":70.91,"y":81.95}]},"Layer 5":{"rotate":[{"angle":-6.02}],"translate":[{"time":0.3},{"time":0.4333,"x":-12.75},{"time":0.6333,"x":-12.75,"y":19.72}]},"Layer 12":{"rotate":[{"angle":-0.68}]},"Layer 136 copy":{"rotate":[{"angle":-0.68}]},"2":{"translate":[{"time":0.3333},{"time":0.4333,"x":-73.72},{"time":0.6333,"x":-162.56}]},"Layer 137 copy2":{"rotate":[{"angle":0.34}]},"Layer 14":{"translate":[{"x":-2.28}]},"Layer 13":{"rotate":[{"time":0.4667},{"time":0.6333,"angle":36.67}]},"Layer 22":{"rotate":[{"angle":-0.68}]},"Layer 18":{"rotate":[{"angle":-0.9}]},"Layer 1":{"rotate":[{"time":0.4667},{"time":0.6333,"angle":69.89}],"translate":[{"x":-1.82}]},"4":{"translate":[{"time":0.3333},{"time":0.4333,"x":-86.91,"y":-51.22}]}}},"Die Fire":{"slots":{"Layer 1":{"color":[{"time":0.1667,"color":"ffffffff"},{"time":0.4333,"color":"272222ff"}]},"Layer 2":{"color":[{"time":0.1667,"color":"ffffffff"},{"time":0.4333,"color":"272222ff"}]},"Layer 3":{"color":[{"time":0.1667,"color":"ffffffff"},{"time":0.4333,"color":"272222ff"}]},"Layer 4":{"color":[{"time":0.1667,"color":"ffffffff"},{"time":0.4333,"color":"272222ff"}]},"Layer 5":{"color":[{"time":0.1667,"color":"ffffffff"},{"time":0.4333,"color":"272222ff"}]},"Layer 6":{"color":[{"time":0.1667,"color":"ffffffff"},{"time":0.4333,"color":"272222ff"}]},"Layer 7":{"color":[{"time":0.1667,"color":"ffffffff"},{"time":0.4333,"color":"272222ff"}]},"Layer 9":{"color":[{"time":0.1667,"color":"ffffffff"},{"time":0.4333,"color":"272222ff"}]},"Layer 10":{"color":[{"time":0.1667,"color":"ffffffff"},{"time":0.4333,"color":"272222ff"}]},"Layer 11":{"color":[{"time":0.1667,"color":"ffffffff"},{"time":0.4333,"color":"272222ff"}]},"Layer 12":{"color":[{"time":0.1667,"color":"ffffffff"},{"time":0.4333,"color":"272222ff"}],"attachment":[{"name":null},{"time":0.2667,"name":"Layer 12"},{"time":0.6333,"name":null}]},"Layer 14":{"color":[{"time":0.1667,"color":"ffffffff"},{"time":0.4333,"color":"272222ff"}]},"Layer 15":{"attachment":[{"name":"Layer 15"}]},"Layer 17":{"color":[{"time":0.1667,"color":"ffffffff"},{"time":0.4333,"color":"272222ff"}]},"Layer 18":{"color":[{"time":0.1667,"color":"ffffffff"},{"time":0.4333,"color":"272222ff"}]},"Layer 19":{"color":[{"time":0.1667,"color":"ffffffff"},{"time":0.4333,"color":"272222ff"}]},"Layer 20":{"color":[{"time":0.1667,"color":"ffffffff"},{"time":0.4333,"color":"272222ff"}]},"Layer 136 copy":{"color":[{"time":0.1667,"color":"ffffffff"},{"time":0.4333,"color":"272222ff"}]},"Layer 137 copy":{"color":[{"time":0.1667,"color":"ffffffff"},{"time":0.4333,"color":"272222ff"}]},"Layer 139 copy":{"color":[{"time":0.1667,"color":"ffffffff"},{"time":0.4333,"color":"272222ff"}]},"ice":{"attachment":[{"name":null}]}},"bones":{"Layer 22":{"rotate":[{"angle":-0.68}]},"1":{"translate":[{"time":0.4},{"time":0.5,"y":23.28,"curve":"stepped"},{"time":0.5667,"y":23.28},{"time":0.7,"x":121.94,"y":34.6}]},"Layer 24":{"scale":[{},{"time":0.2667,"x":1.371,"y":1.371}]},"Layer 1":{"rotate":[{"time":0.5333},{"time":0.7,"angle":69.89}],"translate":[{"x":-1.82}]},"Layer 9":{"rotate":[{"angle":-0.55,"curve":0.352,"c2":0.41,"c3":0.688,"c4":0.76},{"time":0.2,"angle":32.5,"curve":0.25,"c3":0.75},{"time":0.4,"angle":14.95,"curve":0.25,"c3":0.75},{"time":0.6,"angle":-13.76,"curve":0.25,"c3":0.75},{"time":0.7667,"angle":42.25}]},"2":{"translate":[{"time":0.4},{"time":0.5,"x":-73.72},{"time":0.7,"x":-162.56}]},"3":{"translate":[{"curve":0.25,"c3":0.75},{"time":0.2,"x":61.67,"curve":"stepped"},{"time":0.4,"x":61.67},{"time":0.5,"x":22.87,"y":28.71},{"time":0.7,"x":-7.06,"y":28.71}]},"Layer 8":{"rotate":[{"curve":0.25,"c3":0.75},{"time":0.2,"angle":-6.46,"curve":0.25,"c3":0.75},{"time":0.4,"angle":0.08,"curve":0.25,"c3":0.75},{"time":0.6,"angle":16.12,"curve":0.25,"c3":0.75},{"time":0.7,"angle":12.11}],"translate":[{"x":-0.96}]},"Layer 5":{"rotate":[{"angle":-6.02}],"translate":[{"time":0.3667},{"time":0.5,"x":-12.75},{"time":0.7,"x":-12.75,"y":19.72}]},"Layer 18":{"rotate":[{"angle":-0.9}]},"Layer 136 copy":{"rotate":[{"angle":-0.68}]},"Layer 10":{"rotate":[{"angle":-0.07,"curve":0.366,"c2":0.63,"c3":0.703},{"time":0.2,"angle":-38.34,"curve":0.25,"c3":0.75},{"time":0.4,"angle":-57.13,"curve":0.25,"c3":0.75},{"time":0.5667,"angle":-51.11,"curve":0.25,"c3":0.75},{"time":0.7333,"angle":29.94}]},"Layer 7":{"rotate":[{"curve":0.25,"c3":0.75},{"time":0.2,"angle":3.81,"curve":0.25,"c3":0.75},{"time":0.4,"angle":7.84,"curve":"stepped"},{"time":0.5,"angle":7.84},{"time":0.7,"angle":-94.65}]},"Layer 21":{"scale":[{},{"time":0.2667,"x":1.269,"y":1.269}]},"Layer 6":{"rotate":[{"angle":3.24}],"translate":[{"time":0.5667},{"time":0.7,"x":70.91,"y":81.95}]},"Layer 137 copy":{"rotate":[{"angle":-0.26}],"translate":[{"time":0.3667},{"time":0.5,"x":-9.54,"y":-26.63}]},"Layer 4":{"rotate":[{"time":0.5},{"time":0.7,"angle":-84.95}],"translate":[{"time":0.5},{"time":0.7,"y":29.67}]},"Layer 12":{"rotate":[{"angle":-0.68}]},"bone2":{"rotate":[{"angle":-1.2}],"translate":[{"curve":0.25,"c3":0.75},{"time":0.2,"x":73.25,"y":-68.97,"curve":0.25,"c3":0.75},{"time":0.4,"x":80.29,"y":-110.96},{"time":0.5,"x":157.97,"y":-160.63},{"time":0.7,"x":251.29,"y":-225.18}]},"Layer 137 copy2":{"rotate":[{"angle":0.34}]},"Layer 14":{"translate":[{"x":-2.28}]},"Layer 11":{"rotate":[{"curve":0.25,"c3":0.75},{"time":0.2,"angle":-6.5,"curve":0.25,"c3":0.75},{"time":0.4,"angle":3.07,"curve":0.25,"c3":0.75},{"time":0.6667,"angle":23.45,"curve":0.25,"c3":0.75},{"time":0.7667,"angle":-9.85}],"translate":[{"x":-1.41,"curve":0.352,"c2":0.41,"c3":0.688,"c4":0.76},{"time":0.2,"x":-28.56},{"time":0.4,"x":-6.88}]},"Layer 3":{"rotate":[{"angle":0.09,"curve":0.366,"c2":0.63,"c3":0.703},{"time":0.2,"angle":24.65,"curve":0.25,"c3":0.75},{"time":0.4,"angle":28.08},{"time":0.5333,"angle":41.62},{"time":0.7,"angle":152.53}]},"Layer 13":{"rotate":[{"time":0.5333},{"time":0.7,"angle":36.67}]},"Layer 2":{"rotate":[{"angle":0.57,"curve":0.352,"c2":0.41,"c3":0.688,"c4":0.76},{"time":0.2,"angle":27.07,"curve":0.25,"c3":0.75},{"time":0.4,"angle":46.82},{"time":0.5333,"angle":78.07},{"time":0.7,"angle":24.63}],"translate":[{"time":0.4},{"time":0.5333,"x":8.76,"y":15.07}]},"4":{"translate":[{"time":0.4},{"time":0.5,"x":-86.91,"y":-51.22}]}}},"Die Ice":{"slots":{"Layer 12":{"attachment":[{"name":null},{"time":0.1333,"name":"Layer 12"}]},"Layer 15":{"attachment":[{"name":"Layer 15"},{"time":0.1333,"name":"Layer 13"}]},"ice":{"color":[{"color":"ffffff00","curve":"stepped"},{"time":0.7333,"color":"ffffff00"},{"time":1.1,"color":"ffffffff"}]}},"bones":{"Layer 137 copy2":{"rotate":[{"angle":0.34,"curve":"stepped"},{"time":0.1333,"angle":0.34},{"time":0.3333,"angle":44.63}]},"bone2":{"translate":[{"time":0.1333},{"time":0.3333,"y":-147.49},{"time":0.4667,"y":-154.84},{"time":0.6,"y":-147.49},{"time":0.7333,"y":-154.84},{"time":0.8667,"y":-147.49},{"time":1,"y":-154.84},{"time":1.1333,"y":-147.49}]},"Layer 7":{"rotate":[{},{"time":0.1333,"angle":1.41}]},"Layer 8":{"rotate":[{"time":0.1333},{"time":0.3333,"angle":-10.77}],"translate":[{"time":0.1333},{"time":0.3333,"x":-18.4},{"time":0.4667,"x":-26.96},{"time":0.6,"x":-18.4},{"time":0.7333,"x":-26.96},{"time":0.8667,"x":-18.4},{"time":1,"x":-26.96},{"time":1.1333,"x":-18.4}]},"Layer 11":{"rotate":[{},{"time":0.1333,"angle":13.34},{"time":0.3333,"angle":2.45}],"translate":[{"time":0.1333},{"time":0.3333,"x":-24.32},{"time":0.4667,"x":-31.67},{"time":0.6,"x":-24.32},{"time":0.7333,"x":-31.67},{"time":0.8667,"x":-24.32},{"time":1,"x":-31.67},{"time":1.1333,"x":-24.32}]},"Layer 10":{"rotate":[{},{"time":0.1333,"angle":-37.44},{"time":0.3333,"angle":18.43},{"time":0.4667,"angle":21},{"time":0.6,"angle":18.43},{"time":0.7333,"angle":21},{"time":0.8667,"angle":18.43},{"time":1,"angle":21},{"time":1.1333,"angle":18.43}]},"Layer 9":{"rotate":[{},{"time":0.1333,"angle":17.81},{"time":0.3333,"angle":101.07},{"time":0.4667,"angle":104.08},{"time":0.6,"angle":101.07},{"time":0.7333,"angle":104.08},{"time":0.8667,"angle":101.07},{"time":1,"angle":104.08},{"time":1.1333,"angle":101.07}]},"Layer 3":{"rotate":[{},{"time":0.1333,"angle":40.72},{"time":0.3333,"angle":24.55},{"time":0.4667,"angle":21.95},{"time":0.6,"angle":24.55},{"time":0.7333,"angle":21.95},{"time":0.8667,"angle":24.55},{"time":1,"angle":21.95},{"time":1.1333,"angle":24.55}]},"Layer 2":{"rotate":[{},{"time":0.1333,"angle":-24.27},{"time":0.3333,"angle":-127.92},{"time":0.4667,"angle":-131.6},{"time":0.6,"angle":-127.92},{"time":0.7333,"angle":-131.6},{"time":0.8667,"angle":-127.92},{"time":1,"angle":-131.6},{"time":1.1333,"angle":-127.92}]},"Layer 6":{"rotate":[{"angle":3.24,"curve":"stepped"},{"time":0.1333,"angle":3.24},{"time":0.3333,"angle":56.12}]},"Layer 5":{"rotate":[{"angle":-6.02,"curve":"stepped"},{"time":0.1333,"angle":-6.02},{"time":0.3333,"angle":-101.62}]},"Layer 12":{"rotate":[{"angle":-0.68,"curve":"stepped"},{"time":0.1333,"angle":-0.68},{"time":0.3333,"angle":41.07}]},"Layer 136 copy":{"rotate":[{"angle":-0.68,"curve":"stepped"},{"time":0.1333,"angle":-0.68},{"time":0.3333,"angle":51.37}]},"Layer 137 copy":{"rotate":[{"angle":-0.26,"curve":"stepped"},{"time":0.1333,"angle":-0.26},{"time":0.3333,"angle":-97.45}]},"bone3":{"translate":[{"y":-16.24}],"scale":[{"y":0.882}]}}},"Idle":{"slots":{"Layer 12":{"attachment":[{"name":null}]},"Layer 15":{"attachment":[{"name":"Layer 15"}]},"ice":{"attachment":[{"name":null}]}},"bones":{"bone2":{"translate":[{},{"time":0.5,"y":-7.35},{"time":1}]},"Layer 7":{"translate":[{"curve":0.25,"c3":0.75},{"time":0.5,"y":-4.24,"curve":0.25,"c3":0.75},{"time":1}]},"Layer 8":{"translate":[{"x":-0.96,"curve":0.366,"c2":0.63,"c3":0.703},{"time":0.0667,"curve":0.25,"c3":0.75},{"time":0.5667,"x":-13.8,"curve":0.244,"c3":0.7,"c4":0.79},{"time":1,"x":-0.96}]},"Layer 11":{"translate":[{"x":-1.41,"curve":0.352,"c2":0.41,"c3":0.688,"c4":0.76},{"time":0.0667,"x":-0.49,"curve":0.366,"c2":0.63,"c3":0.703},{"time":0.1333,"curve":0.25,"c3":0.75},{"time":0.6333,"x":-7.03,"curve":0.242,"c3":0.663,"c4":0.65},{"time":1,"x":-1.41}]},"Layer 10":{"rotate":[{"angle":-0.07,"curve":0.366,"c2":0.63,"c3":0.703},{"time":0.0667,"curve":0.25,"c3":0.75},{"time":0.5667,"angle":-1.05,"curve":0.244,"c3":0.7,"c4":0.79},{"time":1,"angle":-0.07}]},"Layer 9":{"rotate":[{"angle":-0.55,"curve":0.352,"c2":0.41,"c3":0.688,"c4":0.76},{"time":0.0667,"angle":-0.19,"curve":0.366,"c2":0.63,"c3":0.703},{"time":0.1333,"curve":0.25,"c3":0.75},{"time":0.6333,"angle":-2.74,"curve":0.242,"c3":0.663,"c4":0.65},{"time":1,"angle":-0.55}]},"Layer 3":{"rotate":[{"angle":0.09,"curve":0.366,"c2":0.63,"c3":0.703},{"time":0.0667,"curve":0.25,"c3":0.75},{"time":0.5667,"angle":1.34,"curve":0.244,"c3":0.7,"c4":0.79},{"time":1,"angle":0.09}]},"Layer 2":{"rotate":[{"angle":0.57,"curve":0.352,"c2":0.41,"c3":0.688,"c4":0.76},{"time":0.0667,"angle":0.2,"curve":0.366,"c2":0.63,"c3":0.703},{"time":0.1333,"curve":0.25,"c3":0.75},{"time":0.6333,"angle":2.84,"curve":0.242,"c3":0.663,"c4":0.65},{"time":1,"angle":0.57}]},"Layer 6":{"rotate":[{"angle":3.24}]},"Layer 5":{"rotate":[{"angle":-6.02}]},"Layer 12":{"rotate":[{"angle":-0.68}]},"Layer 136 copy":{"rotate":[{"angle":-0.68}]},"Layer 137 copy":{"rotate":[{"angle":-0.26}]},"Layer 137 copy2":{"rotate":[{"angle":0.34}]},"Layer 14":{"translate":[{"x":-2.28,"curve":0.345,"c2":0.39,"c3":0.679,"c4":0.72},{"time":0.0333,"x":-1.22,"curve":0.366,"c2":0.63,"c3":0.703},{"time":0.1,"curve":0.25,"c3":0.75},{"time":0.6,"x":-17.59,"curve":0.243,"c3":0.68,"c4":0.71},{"time":1,"x":-2.28}]},"Layer 18":{"rotate":[{"angle":-0.9,"curve":0.352,"c2":0.41,"c3":0.688,"c4":0.76},{"time":0.0667,"angle":-0.31,"curve":0.366,"c2":0.63,"c3":0.703},{"time":0.1333,"curve":0.25,"c3":0.75},{"time":0.6333,"angle":-4.49,"curve":0.242,"c3":0.663,"c4":0.65},{"time":1,"angle":-0.9}]},"Layer 1":{"translate":[{"x":-1.82,"curve":0.345,"c2":0.39,"c3":0.679,"c4":0.72},{"time":0.0333,"x":-0.98,"curve":0.366,"c2":0.63,"c3":0.703},{"time":0.1,"curve":0.25,"c3":0.75},{"time":0.6,"x":-14.08,"curve":0.243,"c3":0.68,"c4":0.71},{"time":1,"x":-1.82}]},"Layer 22":{"rotate":[{"angle":-0.68,"curve":0.352,"c2":0.41,"c3":0.688,"c4":0.76},{"time":0.0667,"angle":-0.23,"curve":0.366,"c2":0.63,"c3":0.703},{"time":0.1333,"curve":0.25,"c3":0.75},{"time":0.6333,"angle":-3.37,"curve":0.242,"c3":0.663,"c4":0.65},{"time":1,"angle":-0.68}]},"Layer 24":{"scale":[{"time":0.2333},{"time":0.5,"x":0.83},{"time":0.8}]}}}}}